アートセラピスト,https://www.13hw.com/jobcontent/J000100028.html
アートディレクター,https://www.13hw.com/jobcontent/J000100029.html
アートナビゲーター,https://www.13hw.com/jobcontent/J000100030.html
アーユルヴェーダセラピスト,https://www.13hw.com/jobcontent/J000100031.html
アイラッシュスタイリスト,https://www.13hw.com/jobcontent/J000100032.html
アウトドアスポーツ・インストラクター,https://www.13hw.com/jobcontent/03_04_11.html
アクアソムリエ,https://www.13hw.com/jobcontent/J000100033.html
アクセサリーデザイナー,https://www.13hw.com/jobcontent/J000100034.html
アクチュアリー,https://www.13hw.com/jobcontent/01_08_04.html
アシスタントディレクター（AD）,https://www.13hw.com/jobcontent/J000100035.html
アスレティックトレーナー,https://www.13hw.com/jobcontent/J000100036.html
アナウンサー,https://www.13hw.com/jobcontent/02_06_04.html
アニマルセラピスト,https://www.13hw.com/jobcontent/01_02_11.html
アニメーター,https://www.13hw.com/jobcontent/02_02_06.html
アパレルメーカーで働く,https://www.13hw.com/jobcontent/05_04_12.html
アプリケーションエンジニア,https://www.13hw.com/jobcontent/J000100037.html
海女・海士（あま）,https://www.13hw.com/jobcontent/01_05_10.html
アメニティアドバイザー,https://www.13hw.com/jobcontent/J000100038.html
アメリカ軍兵士,https://www.13hw.com/jobcontent/06_01_04.html
アロマアドバイザー,https://www.13hw.com/jobcontent/J000100039.html
アロマ空間デザイナー,https://www.13hw.com/jobcontent/J000100040.html
アロマコーディネーター,https://www.13hw.com/jobcontent/J000100041.html
アロマセラピスト,https://www.13hw.com/jobcontent/J000100042.html
暗号作成者,https://www.13hw.com/jobcontent/01_08_05.html
アンティークショップ,https://www.13hw.com/jobcontent/03_03_09.html
あん摩マッサージ指圧師,https://www.13hw.com/jobcontent/01_04_15.html
囲碁棋士（いごきし）,https://www.13hw.com/jobcontent/03_02_01.html
医師,https://www.13hw.com/jobcontent/01_04_01.html
石工（いしく）,https://www.13hw.com/jobcontent/05_03_05.html
衣装・ワードローブ・コスチュームデザイナー,https://www.13hw.com/jobcontent/02_05_15.html
移植コーディネーター,https://www.13hw.com/jobcontent/01_04_23.html
椅子職人,https://www.13hw.com/jobcontent/J000100339.html
遺伝カウンセラー,https://www.13hw.com/jobcontent/J000100043.html
移動販売店オーナー,https://www.13hw.com/jobcontent/J000100340.html
犬の訓練士,https://www.13hw.com/jobcontent/01_02_05.html
いのちの電話相談員,https://www.13hw.com/jobcontent/05_01_10.html
イベントコンパニオン,https://www.13hw.com/jobcontent/05_06_07.html
イベントスタッフ,https://www.13hw.com/jobcontent/J000100044.html
イベントプランナー,https://www.13hw.com/jobcontent/J000100045.html
イベントプロデューサー,https://www.13hw.com/jobcontent/J000100046.html
鋳物工,https://www.13hw.com/jobcontent/J000100047.html
イヤーエステティシャン,https://www.13hw.com/jobcontent/J000100048.html
イラストレーター,https://www.13hw.com/jobcontent/02_02_04.html
医療監視員,https://www.13hw.com/jobcontent/J000100049.html
医療経営コンサルタント,https://www.13hw.com/jobcontent/J000100050.html
医療研究者,https://www.13hw.com/jobcontent/J000100052.html
医療コンシェルジュ,https://www.13hw.com/jobcontent/J000100051.html
医療事務員,https://www.13hw.com/jobcontent/01_04_21.html
医療情報管理者,https://www.13hw.com/jobcontent/J000100341.html
医療ソーシャルワーカー,https://www.13hw.com/jobcontent/05_05_35.html
医療秘書,https://www.13hw.com/jobcontent/01_04_20.html
刺青師（いれずみし）,https://www.13hw.com/jobcontent/02_02_12.html
印刷技術者,https://www.13hw.com/jobcontent/J000100053.html
飲食店オーナー,https://www.13hw.com/jobcontent/J000100054.html
インタープリター,https://www.13hw.com/jobcontent/J000100055.html
インダストリアルエンジニア,https://www.13hw.com/jobcontent/J000100056.html
インダストリアルデザイナー,https://www.13hw.com/jobcontent/02_02_15.html
インテリアコーディネーター,https://www.13hw.com/jobcontent/05_03_13.html
インテリアスタイリスト,https://www.13hw.com/jobcontent/J000100496.html
インテリアデザイナー,https://www.13hw.com/jobcontent/05_03_11.html
インテリアプランナー,https://www.13hw.com/jobcontent/05_03_12.html
インペグ屋,https://www.13hw.com/jobcontent/02_01_29.html
植木職人,https://www.13hw.com/jobcontent/01_01_07.html
ウォーキングインストラクター,https://www.13hw.com/jobcontent/J000100057.html
鵜匠（うしょう）,https://www.13hw.com/jobcontent/01_02_21.html
宇宙開発技術者,https://www.13hw.com/jobcontent/J000100058.html
宇宙飛行士,https://www.13hw.com/jobcontent/01_07_01.html
占い師,https://www.13hw.com/jobcontent/05_01_04.html
運転代行者,https://www.13hw.com/jobcontent/J000100059.html
エアロビック・インストラクター,https://www.13hw.com/jobcontent/02_04_10.html
映画監督,https://www.13hw.com/jobcontent/02_05_01.html
映画脚本家,https://www.13hw.com/jobcontent/02_05_02.html
映画字幕翻訳,https://www.13hw.com/jobcontent/02_05_37.html
映画宣伝,https://www.13hw.com/jobcontent/02_05_39.html
映画配給,https://www.13hw.com/jobcontent/02_05_38.html
映画俳優,https://www.13hw.com/jobcontent/02_05_06.html
映画プロデューサー,https://www.13hw.com/jobcontent/02_05_03.html
営業[優位性を売る],https://www.13hw.com/jobcontent/05_06_sub3.html
英字新聞記者,https://www.13hw.com/jobcontent/04_02_04.html
映像編集者,https://www.13hw.com/jobcontent/J000100342.html
英文速記者,https://www.13hw.com/jobcontent/J000100343.html
栄養教諭,https://www.13hw.com/jobcontent/J000100060.html
栄養士,https://www.13hw.com/jobcontent/05_02_23.html
栄養情報担当者（ＮＲ）,https://www.13hw.com/jobcontent/J000100061.html
液化石油ガス設備士,https://www.13hw.com/jobcontent/J000100344.html
エクステリアコーディネーター,https://www.13hw.com/jobcontent/J000100062.html
エクステリアデザイナー,https://www.13hw.com/jobcontent/05_03_14.html
エステティシャン,https://www.13hw.com/jobcontent/05_04_21.html
エステティックインストラクター,https://www.13hw.com/jobcontent/J000100063.html
絵付師,https://www.13hw.com/jobcontent/02_02_13.html
エディター［編集］,https://www.13hw.com/jobcontent/02_05_17.html
エディトリアルデザイナー,https://www.13hw.com/jobcontent/02_02_16.html
エネルギー系研究・技術者,https://www.13hw.com/jobcontent/J000100064.html
絵本作家,https://www.13hw.com/jobcontent/02_02_05.html
エンジニア,https://www.13hw.com/jobcontent/03_05_04.html
オークション会社で働く,https://www.13hw.com/jobcontent/03_03_05.html
オーケストラ団員,https://www.13hw.com/jobcontent/02_01_07.html
大道具,https://www.13hw.com/jobcontent/J000100514.html
オプチカル技師,https://www.13hw.com/jobcontent/02_05_27.html
オプティシャン・オプトメトリスト,https://www.13hw.com/jobcontent/J000100065.html
お笑いタレント,https://www.13hw.com/jobcontent/02_06_09.html
音楽教師,https://www.13hw.com/jobcontent/J000100346.html
音楽雑誌記者・編集者,https://www.13hw.com/jobcontent/J000100347.html
音楽タレント,https://www.13hw.com/jobcontent/02_01_01.html
音楽の権利関係に関わる仕事,https://www.13hw.com/jobcontent/02_01_21.html
音楽評論家,https://www.13hw.com/jobcontent/J000100348.html
音楽プロデューサー,https://www.13hw.com/jobcontent/J000100345.html
音楽療法士,https://www.13hw.com/jobcontent/J000100349.html
音響エンジニア,https://www.13hw.com/jobcontent/02_01_22.html
音響効果,https://www.13hw.com/jobcontent/02_05_16.html
音響スタッフ,https://www.13hw.com/jobcontent/J000100350.html
音響設計士,https://www.13hw.com/jobcontent/J000100066.html
カーチューナー,https://www.13hw.com/jobcontent/J000100067.html
加圧トレーニングインストラクター,https://www.13hw.com/jobcontent/J000100352.html
カーディーラー営業,https://www.13hw.com/jobcontent/J000100068.html
カーデザイナー,https://www.13hw.com/jobcontent/03_06_14.html
ガーデンデザイナー,https://www.13hw.com/jobcontent/J000100513.html
海外技術協力官,https://www.13hw.com/jobcontent/J000100357.html
海外現地ガイド,https://www.13hw.com/jobcontent/J000100358.html
絵画修復師,https://www.13hw.com/jobcontent/J000100069.html
会計参与,https://www.13hw.com/jobcontent/J000100356.html
外交官,https://www.13hw.com/jobcontent/05_05_03.html
外航客船パーサー,https://www.13hw.com/jobcontent/04_01_02.html
外国語の言語学者,https://www.13hw.com/jobcontent/04_02_03.html
介護食士,https://www.13hw.com/jobcontent/J000100070.html
介護トレーナー,https://www.13hw.com/jobcontent/J000100071.html
介護ヘルパー,https://www.13hw.com/jobcontent/J000100355.html
介護保険事務,https://www.13hw.com/jobcontent/J000100072.html
介護予防運動指導員,https://www.13hw.com/jobcontent/J000100073.html
外資系スタッフ,https://www.13hw.com/jobcontent/J000100360.html
海事代理士,https://www.13hw.com/jobcontent/05_05_11.html
海上自衛隊,https://www.13hw.com/jobcontent/05_08_02.html
海上保安官,https://www.13hw.com/jobcontent/05_05_23.html
害虫駆除,https://www.13hw.com/jobcontent/01_03_07.html
ガイドヘルパー［外出介護員］,https://www.13hw.com/jobcontent/05_05_34.html
解剖技術者,https://www.13hw.com/jobcontent/J000100074.html
外務公務員,https://www.13hw.com/jobcontent/J000100361.html
海洋工学系研究・技術者,https://www.13hw.com/jobcontent/J000100359.html
カイロプラクター,https://www.13hw.com/jobcontent/J000100522.html
カウンセラー,https://www.13hw.com/jobcontent/J000100075.html
カウンターセールス,https://www.13hw.com/jobcontent/J000100076.html
画家,https://www.13hw.com/jobcontent/02_02_01.html
化学系研究・技術者,https://www.13hw.com/jobcontent/J000100351.html
科学捜査研究員,https://www.13hw.com/jobcontent/J000100353.html
鍵師,https://www.13hw.com/jobcontent/03_05_02.html
学芸員,https://www.13hw.com/jobcontent/03_03_01.html
家具職人,https://www.13hw.com/jobcontent/05_03_08.html
格闘家・武道家,https://www.13hw.com/jobcontent/06_10_02.html
楽譜出版社で働く,https://www.13hw.com/jobcontent/02_01_20.html
火山学者,https://www.13hw.com/jobcontent/01_06_01.html
カジノディーラー,https://www.13hw.com/jobcontent/03_02_05.html
歌手,https://www.13hw.com/jobcontent/02_01_02.html
ガス主任技術者,https://www.13hw.com/jobcontent/J000100080.html
カスタマーエンジニア,https://www.13hw.com/jobcontent/J000100077.html
カスタマーサポート,https://www.13hw.com/jobcontent/J000100078.html
カスタムメカニック,https://www.13hw.com/jobcontent/J000100079.html
家政婦,https://www.13hw.com/jobcontent/05_06_12.html
画像処理エンジニア,https://www.13hw.com/jobcontent/J000100354.html
家畜人工授精師,https://www.13hw.com/jobcontent/01_02_15.html
楽器,https://www.13hw.com/jobcontent/05_07_16.html
楽器職人,https://www.13hw.com/jobcontent/02_01_15.html
楽器製作メーカーで働く,https://www.13hw.com/jobcontent/02_01_14.html
楽器の先生,https://www.13hw.com/jobcontent/02_01_10.html
学校職員,https://www.13hw.com/jobcontent/J000100362.html
家庭教師,https://www.13hw.com/jobcontent/05_05_16.html
家庭裁判所調査官・保護観察官・法務教官,https://www.13hw.com/jobcontent/05_05_37.html
華道教授,https://www.13hw.com/jobcontent/01_01_04.html
金型工,https://www.13hw.com/jobcontent/J000100374.html
カフェオーナー,https://www.13hw.com/jobcontent/J000100081.html
カフェプランナー,https://www.13hw.com/jobcontent/J000100082.html
カフェレシピクリエイター,https://www.13hw.com/jobcontent/J000100083.html
歌舞伎俳優,https://www.13hw.com/jobcontent/02_07_03.html
カメラマン,https://www.13hw.com/jobcontent/03_05_09.html
カラーコーディネーター,https://www.13hw.com/jobcontent/J000100084.html
カラーセラピスト,https://www.13hw.com/jobcontent/J000100085.html
カラーリスト,https://www.13hw.com/jobcontent/J000100086.html
ガラス製品,https://www.13hw.com/jobcontent/05_07_08.html
為替ディーラー,https://www.13hw.com/jobcontent/03_02_06.html
川漁師,https://www.13hw.com/jobcontent/01_05_11.html
管楽器リペアマン,https://www.13hw.com/jobcontent/02_01_13.html
環境アセスメント調査員,https://www.13hw.com/jobcontent/J000100363.html
環境教育指導者,https://www.13hw.com/jobcontent/J000100365.html
環境系技術者,https://www.13hw.com/jobcontent/J000100087.html
環境計量士（環境計測士）,https://www.13hw.com/jobcontent/J000100366.html
環境コンサルタント,https://www.13hw.com/jobcontent/J000100364.html
環境分析技術者,https://www.13hw.com/jobcontent/J000100367.html
環境保全エンジニア,https://www.13hw.com/jobcontent/J000100368.html
玩具（カルタ、凧、双六）,https://www.13hw.com/jobcontent/05_07_14.html
観光庁職員,https://www.13hw.com/jobcontent/04_01_06.html
看護師,https://www.13hw.com/jobcontent/01_04_02.html
看護助手,https://www.13hw.com/jobcontent/J000100369.html
監督・コーチ,https://www.13hw.com/jobcontent/03_01_02.html
神主,https://www.13hw.com/jobcontent/05_01_07.html
漢方コーディネーター,https://www.13hw.com/jobcontent/J000100088.html
管理栄養士,https://www.13hw.com/jobcontent/05_02_24.html
キーボーディスト,https://www.13hw.com/jobcontent/J000100089.html
機械設計,https://www.13hw.com/jobcontent/03_05_05.html
機関車運転士,https://www.13hw.com/jobcontent/03_06_11.html
利き酒師,https://www.13hw.com/jobcontent/J000100090.html
気球操縦士,https://www.13hw.com/jobcontent/03_06_12.html
危険物取扱者,https://www.13hw.com/jobcontent/J000100370.html
義肢装具士,https://www.13hw.com/jobcontent/J000100371.html
技術系の助手,https://www.13hw.com/jobcontent/02_05_25.html
気象予報士,https://www.13hw.com/jobcontent/01_05_01.html
ギタリスト,https://www.13hw.com/jobcontent/J000100091.html
着付けの先生,https://www.13hw.com/jobcontent/J000100092.html
キッチンスペシャリスト,https://www.13hw.com/jobcontent/J000100093.html
着物コンサルタント・着付師,https://www.13hw.com/jobcontent/05_04_15.html
客室乗務員,https://www.13hw.com/jobcontent/05_06_05.html
客室予約係,https://www.13hw.com/jobcontent/J000100372.html
キャスター,https://www.13hw.com/jobcontent/02_06_05.html
キャスティングディレクター,https://www.13hw.com/jobcontent/02_05_09.html
キャラクターデザイナー,https://www.13hw.com/jobcontent/J000100094.html
ギャラリスト,https://www.13hw.com/jobcontent/02_02_21.html
キャリアカウンセラー,https://www.13hw.com/jobcontent/J000100095.html
救急救命士,https://www.13hw.com/jobcontent/05_05_27.html
救急隊員,https://www.13hw.com/jobcontent/J000100373.html
厩務員（きゅうむいん）,https://www.13hw.com/jobcontent/01_02_13.html
キュレーター,https://www.13hw.com/jobcontent/02_02_20.html
狂言師,https://www.13hw.com/jobcontent/02_07_04.html
きょう正指導員,https://www.13hw.com/jobcontent/J000100096.html
行政書士,https://www.13hw.com/jobcontent/05_05_09.html
記録［スクリプター］,https://www.13hw.com/jobcontent/02_05_19.html
金券ショップ,https://www.13hw.com/jobcontent/03_03_12.html
金工,https://www.13hw.com/jobcontent/05_07_09.html
金属・材料技術者,https://www.13hw.com/jobcontent/J000100375.html
金融業界で働く,https://www.13hw.com/jobcontent/01_08_01.html
金融ディーラー,https://www.13hw.com/jobcontent/J000100376.html
空間デザイナー,https://www.13hw.com/jobcontent/J000100097.html
グランドホステス,https://www.13hw.com/jobcontent/05_06_06.html
クッキングアドバイザー,https://www.13hw.com/jobcontent/J000100098.html
靴職人,https://www.13hw.com/jobcontent/J000100099.html
靴デザイナー,https://www.13hw.com/jobcontent/05_04_04.html
クラシック演奏家,https://www.13hw.com/jobcontent/02_01_06.html
クラブDJ,https://www.13hw.com/jobcontent/02_01_36.html
グラフィックデザイナー,https://www.13hw.com/jobcontent/02_02_14.html
クリーニング師,https://www.13hw.com/jobcontent/J000100100.html
グリーンキーパー,https://www.13hw.com/jobcontent/01_01_10.html
グリーンコーディネーター,https://www.13hw.com/jobcontent/01_01_09.html
クリニカルコーディングスペシャリスト,https://www.13hw.com/jobcontent/J000100101.html
クルーズスタッフ,https://www.13hw.com/jobcontent/J000100102.html
クレーン運転士,https://www.13hw.com/jobcontent/J000100103.html
クワガタ養殖,https://www.13hw.com/jobcontent/01_03_04.html
軍事評論家,https://www.13hw.com/jobcontent/06_01_01.html
ケアマネージャー,https://www.13hw.com/jobcontent/J000100104.html
ケアワーカー,https://www.13hw.com/jobcontent/05_05_32.html
経営コンサルタント,https://www.13hw.com/jobcontent/05_06_15.html
計器組立工,https://www.13hw.com/jobcontent/J000100379.html
警察官,https://www.13hw.com/jobcontent/05_05_22.html
刑事,https://www.13hw.com/jobcontent/J000100377.html
芸能マネージャー,https://www.13hw.com/jobcontent/02_06_14.html
競馬調教師,https://www.13hw.com/jobcontent/01_02_12.html
競馬予想師,https://www.13hw.com/jobcontent/03_02_09.html
警備員,https://www.13hw.com/jobcontent/05_05_24.html
刑務官,https://www.13hw.com/jobcontent/J000100378.html
経絡セラピスト,https://www.13hw.com/jobcontent/J000100105.html
経理・財務担当者（経理スタッフ）,https://www.13hw.com/jobcontent/J000100504.html
社会福祉主事（ケースワーカー）,https://www.13hw.com/jobcontent/J000100106.html
ケータイ小説家,https://www.13hw.com/jobcontent/J000100107.html
ケータリング料理人,https://www.13hw.com/jobcontent/05_02_21.html
ケーブルカー・ロープウェイ運転係,https://www.13hw.com/jobcontent/03_06_13.html
ゲームグラフィックデザイナー,https://www.13hw.com/jobcontent/02_02_18.html
ゲームクリエイター,https://www.13hw.com/jobcontent/J000100108.html
ゲームサウンドクリエイター,https://www.13hw.com/jobcontent/J000100109.html
ゲームシナリオライター,https://www.13hw.com/jobcontent/J000100110.html
ゲームディレクター,https://www.13hw.com/jobcontent/J000100111.html
ゲームデザイナー,https://www.13hw.com/jobcontent/J000100112.html
ゲームプランナー,https://www.13hw.com/jobcontent/02_03_04.html
ゲームプログラマー,https://www.13hw.com/jobcontent/J000100113.html
ゲームプロデューサー,https://www.13hw.com/jobcontent/J000100493.html
劇団員,https://www.13hw.com/jobcontent/02_07_02.html
結婚コンサルタント,https://www.13hw.com/jobcontent/05_01_09.html
検疫官,https://www.13hw.com/jobcontent/J000100384.html
言語聴覚士,https://www.13hw.com/jobcontent/01_04_09.html
検察官,https://www.13hw.com/jobcontent/05_05_07.html
検察事務官,https://www.13hw.com/jobcontent/J000100385.html
原子力系研究・技術者,https://www.13hw.com/jobcontent/J000100386.html
建設業（総合建設業）で働く,https://www.13hw.com/jobcontent/J000100519.html
現像技師,https://www.13hw.com/jobcontent/02_05_26.html
建築家,https://www.13hw.com/jobcontent/05_03_10.html
建築施工管理技士,https://www.13hw.com/jobcontent/J000100380.html
建築設備士,https://www.13hw.com/jobcontent/J000100381.html
建築物環境衛生管理技術者,https://www.13hw.com/jobcontent/J000100382.html
建築模型アーティスト,https://www.13hw.com/jobcontent/J000100383.html
コイン・切手屋,https://www.13hw.com/jobcontent/03_03_10.html
高圧ガス製造保安責任者,https://www.13hw.com/jobcontent/J000100395.html
校医,https://www.13hw.com/jobcontent/J000100114.html
航海士,https://www.13hw.com/jobcontent/J000100393.html
航空管制官,https://www.13hw.com/jobcontent/03_06_21.html
航空機関士,https://www.13hw.com/jobcontent/J000100394.html
皇宮護衛官,https://www.13hw.com/jobcontent/J000100392.html
航空自衛隊,https://www.13hw.com/jobcontent/05_08_03.html
航空整備士,https://www.13hw.com/jobcontent/03_06_20.html
工芸官,https://www.13hw.com/jobcontent/J000100115.html
高校教師,https://www.13hw.com/jobcontent/J000100116.html
広告業界で働く,https://www.13hw.com/jobcontent/05_06_16.html
広告デザイナー,https://www.13hw.com/jobcontent/J000100508.html
広告プランナー,https://www.13hw.com/jobcontent/J000100391.html
香司,https://www.13hw.com/jobcontent/J000100119.html
公証人,https://www.13hw.com/jobcontent/J000100388.html
香水デザイナー,https://www.13hw.com/jobcontent/J000100117.html
校正者,https://www.13hw.com/jobcontent/02_03_12.html
公正取引委員会審査官,https://www.13hw.com/jobcontent/J000100389.html
講談師,https://www.13hw.com/jobcontent/J000100118.html
公認会計士,https://www.13hw.com/jobcontent/01_08_03.html
公認不正検査士,https://www.13hw.com/jobcontent/J000100390.html
公文書館専門職員（アーキビスト）,https://www.13hw.com/jobcontent/J000100510.html
校務員,https://www.13hw.com/jobcontent/J000100120.html
公務員[一般行政職],https://www.13hw.com/jobcontent/05_05_02.html
小売店店主（青果・鮮魚・精肉）,https://www.13hw.com/jobcontent/J000100121.html
コーディネーター,https://www.13hw.com/jobcontent/02_02_22.html
コーディングスペシャリスト,https://www.13hw.com/jobcontent/J000100122.html
コーヒー焙煎の職人,https://www.13hw.com/jobcontent/05_02_15.html
コーラス・アーティスト,https://www.13hw.com/jobcontent/J000100123.html
語学教師,https://www.13hw.com/jobcontent/J000100387.html
国際会議コーディネーター,https://www.13hw.com/jobcontent/04_02_07.html
国際会計(U.S.CPA),https://www.13hw.com/jobcontent/J000100398.html
国際監査（CIA),https://www.13hw.com/jobcontent/J000100124.html
国際刑事裁判所裁判官,https://www.13hw.com/jobcontent/J000100399.html
国際司法裁判所裁判官,https://www.13hw.com/jobcontent/J000100400.html
国際秘書,https://www.13hw.com/jobcontent/J000100401.html
国際ボランティア,https://www.13hw.com/jobcontent/J000100397.html
国税専門官,https://www.13hw.com/jobcontent/J000100402.html
国土地理院で働く,https://www.13hw.com/jobcontent/04_03_01.html
穀物検査員,https://www.13hw.com/jobcontent/J000100403.html
国連職員,https://www.13hw.com/jobcontent/05_05_04.html
古地図研究家,https://www.13hw.com/jobcontent/04_03_05.html
国会議員政策担当秘書,https://www.13hw.com/jobcontent/J000100396.html
国会職員,https://www.13hw.com/jobcontent/J000100125.html
国会図書館職員,https://www.13hw.com/jobcontent/J000100126.html
国家公務員,https://www.13hw.com/jobcontent/J000100506.html
骨董屋（こっとうや）,https://www.13hw.com/jobcontent/03_03_08.html
小道具,https://www.13hw.com/jobcontent/J000100515.html
コピーライター,https://www.13hw.com/jobcontent/02_03_07.html
コレペティトゥア,https://www.13hw.com/jobcontent/02_01_08.html
コンサート・ステージスタッフ,https://www.13hw.com/jobcontent/J000100127.html
コンサートプロデューサー,https://www.13hw.com/jobcontent/02_01_30.html
コンサートプロモーター,https://www.13hw.com/jobcontent/J000100128.html
コンシェルジュ,https://www.13hw.com/jobcontent/J000100129.html
昆虫採集・飼育用品の製作販売,https://www.13hw.com/jobcontent/01_03_08.html
コンビニエンスストアオーナー,https://www.13hw.com/jobcontent/J000100130.html
サーカス団員,https://www.13hw.com/jobcontent/02_07_17.html
サーチャー,https://www.13hw.com/jobcontent/J000100131.html
サービスエンジニア,https://www.13hw.com/jobcontent/J000100132.html
裁判官,https://www.13hw.com/jobcontent/05_05_06.html
裁判所事務官,https://www.13hw.com/jobcontent/J000100404.html
細胞検査士,https://www.13hw.com/jobcontent/J000100133.html
サウンドエンジニア,https://www.13hw.com/jobcontent/J000100134.html
サウンドマン［録音技師］,https://www.13hw.com/jobcontent/02_05_12.html
左官,https://www.13hw.com/jobcontent/05_03_04.html
作業環境測定士,https://www.13hw.com/jobcontent/J000100405.html
作業指導員・職業指導員,https://www.13hw.com/jobcontent/J000100135.html
作業療法士,https://www.13hw.com/jobcontent/01_04_07.html
作詞家,https://www.13hw.com/jobcontent/02_01_19.html
作家,https://www.13hw.com/jobcontent/02_03_01.html
雑貨コーディネーター,https://www.13hw.com/jobcontent/J000100406.html
雑貨デザイナー,https://www.13hw.com/jobcontent/J000100407.html
雑貨力フェクリエイター,https://www.13hw.com/jobcontent/J000100408.html
作曲家,https://www.13hw.com/jobcontent/02_01_16.html
サックスプレイヤー,https://www.13hw.com/jobcontent/J000100136.html
雑誌記者,https://www.13hw.com/jobcontent/J000100409.html
茶道家,https://www.13hw.com/jobcontent/05_02_14.html
サプリメントコーディネーター,https://www.13hw.com/jobcontent/J000100137.html
サポートエンジニア,https://www.13hw.com/jobcontent/J000100138.html
猿の調教師,https://www.13hw.com/jobcontent/01_02_20.html
山岳救助隊員,https://www.13hw.com/jobcontent/03_04_05.html
産業カウンセラー,https://www.13hw.com/jobcontent/J000100139.html
シェフ,https://www.13hw.com/jobcontent/05_02_01.html
ジェルネイリスト,https://www.13hw.com/jobcontent/J000100140.html
塩作り職人,https://www.13hw.com/jobcontent/05_02_11.html
司会,https://www.13hw.com/jobcontent/J000100410.html
歯科医師,https://www.13hw.com/jobcontent/01_04_10.html
歯科医療研究者,https://www.13hw.com/jobcontent/J000100141.html
歯科衛生士,https://www.13hw.com/jobcontent/J000100501.html
歯科衛生士・歯科助手,https://www.13hw.com/jobcontent/01_04_11.html
歯科技工士,https://www.13hw.com/jobcontent/01_04_12.html
歯科助手,https://www.13hw.com/jobcontent/J000100500.html
指揮者,https://www.13hw.com/jobcontent/02_01_09.html
司書,https://www.13hw.com/jobcontent/03_03_02.html
司書教諭,https://www.13hw.com/jobcontent/J000100503.html
詩人,https://www.13hw.com/jobcontent/02_03_02.html
システムアドミニストレータ,https://www.13hw.com/jobcontent/J000100142.html
システムアナリスト,https://www.13hw.com/jobcontent/J000100143.html
システムエンジニア（SE）,https://www.13hw.com/jobcontent/J000100144.html
システムコンサルタント,https://www.13hw.com/jobcontent/J000100145.html
自然観察指導員 ,https://www.13hw.com/jobcontent/J000100521.html
質屋,https://www.13hw.com/jobcontent/03_03_11.html
市町村職員,https://www.13hw.com/jobcontent/J000100411.html
漆器,https://www.13hw.com/jobcontent/05_07_03.html
自転車整備士,https://www.13hw.com/jobcontent/03_06_19.html
児童英語教師,https://www.13hw.com/jobcontent/J000100512.html
児童指導員,https://www.13hw.com/jobcontent/J000100412.html
自動車教習所教習指導員,https://www.13hw.com/jobcontent/J000100146.html
自動車車体整備士,https://www.13hw.com/jobcontent/J000100494.html
自動車整備士,https://www.13hw.com/jobcontent/03_06_15.html
自動車セールスエンジニア,https://www.13hw.com/jobcontent/J000100413.html
児童自立支援専門員・児童生活支援員,https://www.13hw.com/jobcontent/J000100147.html
児童相談員（児童福祉司）,https://www.13hw.com/jobcontent/J000100148.html
シナリオデベロッパー,https://www.13hw.com/jobcontent/02_05_23.html
シナリオライター,https://www.13hw.com/jobcontent/02_06_11.html
視能訓練士,https://www.13hw.com/jobcontent/01_04_08.html
司法書士,https://www.13hw.com/jobcontent/05_05_08.html
ジャーナリスト,https://www.13hw.com/jobcontent/02_03_05.html
シャーマン,https://www.13hw.com/jobcontent/05_01_05.html
社会教育主事,https://www.13hw.com/jobcontent/J000100414.html
社会福祉士,https://www.13hw.com/jobcontent/J000100415.html
社会福祉施設介護職員,https://www.13hw.com/jobcontent/J000100416.html
社会保険労務士,https://www.13hw.com/jobcontent/J000100417.html
写真館経営,https://www.13hw.com/jobcontent/03_05_10.html
写真現像技術者,https://www.13hw.com/jobcontent/J000100149.html
写真スタジオで働く,https://www.13hw.com/jobcontent/03_05_11.html
写譜屋（しゃふや）,https://www.13hw.com/jobcontent/02_01_18.html
車輌開発エンジニア,https://www.13hw.com/jobcontent/J000100150.html
獣医師,https://www.13hw.com/jobcontent/01_02_01.html
衆議院・参議院事務局員,https://www.13hw.com/jobcontent/J000100420.html
衆議院・参議院法制局員,https://www.13hw.com/jobcontent/J000100421.html
臭気判定士,https://www.13hw.com/jobcontent/J000100419.html
住宅デザイナー,https://www.13hw.com/jobcontent/J000100497.html
重度訪問介護従業者,https://www.13hw.com/jobcontent/J000100422.html
シューフィッター,https://www.13hw.com/jobcontent/J000100151.html
ジュエリーCADデザイナー,https://www.13hw.com/jobcontent/J000100152.html
ジュエリーコーディネーター,https://www.13hw.com/jobcontent/J000100153.html
ジュエリーデザイナー,https://www.13hw.com/jobcontent/05_04_02.html
ジュエリーバイヤー,https://www.13hw.com/jobcontent/J000100154.html
塾講師,https://www.13hw.com/jobcontent/05_05_17.html
取材コーディネーター,https://www.13hw.com/jobcontent/04_01_04.html
出版業界で働く,https://www.13hw.com/jobcontent/02_03_10.html
樹木医,https://www.13hw.com/jobcontent/01_01_08.html
手話通訳士,https://www.13hw.com/jobcontent/J000100418.html
障害児の学校教諭,https://www.13hw.com/jobcontent/05_05_21.html
小学校教師,https://www.13hw.com/jobcontent/05_05_14.html
将棋棋士（しょうぎきし）,https://www.13hw.com/jobcontent/03_02_02.html
商業施設士,https://www.13hw.com/jobcontent/J000100423.html
証券アナリスト,https://www.13hw.com/jobcontent/J000100426.html
証券外務員,https://www.13hw.com/jobcontent/J000100155.html
醸造家,https://www.13hw.com/jobcontent/J000100156.html
乗馬インストラクター,https://www.13hw.com/jobcontent/J000100427.html
消費生活アドバイザー,https://www.13hw.com/jobcontent/J000100424.html
消防官,https://www.13hw.com/jobcontent/01_06_02.html
情報セキュリティアドミニストレータ,https://www.13hw.com/jobcontent/J000100491.html
照明,https://www.13hw.com/jobcontent/02_01_32.html
照明デザイナー・照明コンサルタント,https://www.13hw.com/jobcontent/J000100425.html
醤油職人,https://www.13hw.com/jobcontent/05_02_09.html
助監督,https://www.13hw.com/jobcontent/02_05_24.html
職業訓練指導員,https://www.13hw.com/jobcontent/J000100157.html
食品衛生監視員,https://www.13hw.com/jobcontent/J000100158.html
食品系研究・技術者,https://www.13hw.com/jobcontent/J000100502.html
植物園職員,https://www.13hw.com/jobcontent/01_01_11.html
ショコラティエ,https://www.13hw.com/jobcontent/J000100159.html
助産師,https://www.13hw.com/jobcontent/01_04_04.html
ショップスタッフ,https://www.13hw.com/jobcontent/J000100161.html
ショップ・店オーナー（経営者）,https://www.13hw.com/jobcontent/J000100160.html
書道家,https://www.13hw.com/jobcontent/02_02_08.html
シンガーソングライター,https://www.13hw.com/jobcontent/J000100162.html
神祇（じんぎ）調度装束・慶弔用品,https://www.13hw.com/jobcontent/05_07_18.html
鍼灸師(しんきゅうし),https://www.13hw.com/jobcontent/01_04_16.html
審判員,https://www.13hw.com/jobcontent/03_01_03.html
神父・牧師,https://www.13hw.com/jobcontent/05_01_08.html
新聞記者,https://www.13hw.com/jobcontent/02_03_08.html
診療情報管理士,https://www.13hw.com/jobcontent/J000100429.html
心療内科医,https://www.13hw.com/jobcontent/05_01_03.html
診療放射線技師,https://www.13hw.com/jobcontent/01_04_13.html
森林インストラクター,https://www.13hw.com/jobcontent/J000100428.html
森林官,https://www.13hw.com/jobcontent/03_04_07.html
水産系研究・技術者,https://www.13hw.com/jobcontent/J000100430.html
水族館の飼育係,https://www.13hw.com/jobcontent/01_02_04.html
水中カメラマン,https://www.13hw.com/jobcontent/01_05_04.html
水中ビデオカメラマン,https://www.13hw.com/jobcontent/01_05_05.html
すいな療法師,https://www.13hw.com/jobcontent/J000100163.html
スーパーカー専門整備士,https://www.13hw.com/jobcontent/03_06_16.html
スーパーバイザー,https://www.13hw.com/jobcontent/J000100164.html
スカウト,https://www.13hw.com/jobcontent/J000100165.html
スキューバダイビング・インストラクター,https://www.13hw.com/jobcontent/01_05_06.html
スキューバダイビングショップ,https://www.13hw.com/jobcontent/01_05_07.html
スキンケアリスト,https://www.13hw.com/jobcontent/J000100166.html
スクールカウンセラー,https://www.13hw.com/jobcontent/05_01_11.html
スクール講師,https://www.13hw.com/jobcontent/J000100167.html
寿司職人,https://www.13hw.com/jobcontent/05_02_04.html
スタイリスト,https://www.13hw.com/jobcontent/05_04_13.html
スタジオミュージシャン,https://www.13hw.com/jobcontent/J000100168.html
スタントマン,https://www.13hw.com/jobcontent/02_05_07.html
ステノキャプショナー,https://www.13hw.com/jobcontent/J000100169.html
ストーンセラピスト,https://www.13hw.com/jobcontent/J000100170.html
ストリッパー,https://www.13hw.com/jobcontent/02_04_11.html
ストレスケアカウンセラー,https://www.13hw.com/jobcontent/J000100171.html
ストレスマネジメント士,https://www.13hw.com/jobcontent/J000100172.html
スパトリートメントセラピスト,https://www.13hw.com/jobcontent/J000100173.html
スポーツアロマテラピスト,https://www.13hw.com/jobcontent/J000100174.html
スポーツエージェントで働く,https://www.13hw.com/jobcontent/03_01_05.html
スポーツカメラマン,https://www.13hw.com/jobcontent/03_01_07.html
スポーツクラブのインストラクター,https://www.13hw.com/jobcontent/03_01_08.html
スポーツ雑誌編集者,https://www.13hw.com/jobcontent/J000100183.html
スポーツジャーナリスト,https://www.13hw.com/jobcontent/J000100175.html
スポーツデータ入力者,https://www.13hw.com/jobcontent/J000100176.html
スポーツドクター,https://www.13hw.com/jobcontent/J000100177.html
スポーツトレーナー,https://www.13hw.com/jobcontent/J000100178.html
スポーツのチームや組織で働く,https://www.13hw.com/jobcontent/03_01_09.html
スポーツプログラマー,https://www.13hw.com/jobcontent/J000100179.html
スポーツプロモーター,https://www.13hw.com/jobcontent/J000100180.html
スポーツマネジメント,https://www.13hw.com/jobcontent/J000100181.html
スポーツ用品メーカーで働く,https://www.13hw.com/jobcontent/03_01_10.html
スポーツライター,https://www.13hw.com/jobcontent/03_01_06.html
スポーツリハビリトレーナー,https://www.13hw.com/jobcontent/J000100182.html
製菓衛生師,https://www.13hw.com/jobcontent/J000100184.html
声楽家,https://www.13hw.com/jobcontent/02_01_04.html
整形くつ技術者,https://www.13hw.com/jobcontent/J000100185.html
制作助手,https://www.13hw.com/jobcontent/02_05_05.html
制作担当,https://www.13hw.com/jobcontent/02_05_04.html
政治家,https://www.13hw.com/jobcontent/05_05_01.html
政治家秘書,https://www.13hw.com/jobcontent/J000100431.html
精神医学ソーシャルワーカー,https://www.13hw.com/jobcontent/05_05_36.html
精神科医,https://www.13hw.com/jobcontent/05_01_01.html
精神保健福祉士,https://www.13hw.com/jobcontent/J000100433.html
整体師,https://www.13hw.com/jobcontent/01_04_18.html
政党職員,https://www.13hw.com/jobcontent/J000100432.html
青年海外協力隊員,https://www.13hw.com/jobcontent/J000100186.html
声優,https://www.13hw.com/jobcontent/02_06_10.html
税理士,https://www.13hw.com/jobcontent/01_08_02.html
セールスエンジニア,https://www.13hw.com/jobcontent/J000100187.html
セキュリティエンジニア,https://www.13hw.com/jobcontent/J000100188.html
◎接客・案内[サービスを売る],https://www.13hw.com/jobcontent/05_06_sub1.html
石工,https://www.13hw.com/jobcontent/05_07_07.html
接骨師・柔道整復師,https://www.13hw.com/jobcontent/01_04_17.html
セラピスト,https://www.13hw.com/jobcontent/J000100189.html
船員,https://www.13hw.com/jobcontent/01_05_02.html
戦場ビデオジャーナリスト,https://www.13hw.com/jobcontent/06_01_02.html
潜水士,https://www.13hw.com/jobcontent/01_05_03.html
占星術師,https://www.13hw.com/jobcontent/01_07_05.html
船舶機関士,https://www.13hw.com/jobcontent/J000100434.html
専門学校教員,https://www.13hw.com/jobcontent/J000100190.html
操演（そうえん）,https://www.13hw.com/jobcontent/02_05_21.html
葬祭業（葬儀社）,https://www.13hw.com/jobcontent/05_06_13.html
装丁家［ブックデザイナー］,https://www.13hw.com/jobcontent/02_02_17.html
装蹄師（そうていし）,https://www.13hw.com/jobcontent/01_02_14.html
僧侶,https://www.13hw.com/jobcontent/05_01_06.html
ソーイングスタッフ,https://www.13hw.com/jobcontent/05_04_08.html
ソーシャルワーカー・ケースワーカー,https://www.13hw.com/jobcontent/05_05_31.html
ソーシャルワーカー（生活指導員・相談員）,https://www.13hw.com/jobcontent/J000100191.html
測量士,https://www.13hw.com/jobcontent/04_03_04.html
速記者,https://www.13hw.com/jobcontent/02_03_14.html
そば職人,https://www.13hw.com/jobcontent/05_02_03.html
ソムリエ,https://www.13hw.com/jobcontent/05_02_17.html
染織,https://www.13hw.com/jobcontent/05_07_01.html
損害保険募集人,https://www.13hw.com/jobcontent/J000100518.html
体育教師,https://www.13hw.com/jobcontent/J000100435.html
大学教授,https://www.13hw.com/jobcontent/05_05_19.html
大工,https://www.13hw.com/jobcontent/05_03_01.html
タイ古式セラピスト,https://www.13hw.com/jobcontent/J000100192.html
大使館スタッフ,https://www.13hw.com/jobcontent/J000100436.html
大道芸人,https://www.13hw.com/jobcontent/02_07_14.html
タイムキーパー,https://www.13hw.com/jobcontent/J000100193.html
タイル職人,https://www.13hw.com/jobcontent/J000100194.html
タクシー運転手,https://www.13hw.com/jobcontent/03_06_04.html
宅地建物取引主任者,https://www.13hw.com/jobcontent/J000100437.html
宅配便ドライバー,https://www.13hw.com/jobcontent/03_06_08.html
竹工芸,https://www.13hw.com/jobcontent/05_07_05.html
畳職人,https://www.13hw.com/jobcontent/05_03_09.html
タッチセラピスト,https://www.13hw.com/jobcontent/J000100195.html
殺陣師・アクションスーパーバイザー,https://www.13hw.com/jobcontent/02_05_20.html
旅芸人,https://www.13hw.com/jobcontent/02_07_13.html
タラソテラピスト,https://www.13hw.com/jobcontent/J000100196.html
タレント,https://www.13hw.com/jobcontent/J000100197.html
ダンスインストラクター,https://www.13hw.com/jobcontent/J000100516.html
探偵,https://www.13hw.com/jobcontent/05_05_25.html
チアリーダー,https://www.13hw.com/jobcontent/02_04_07.html
チェスプレイヤー,https://www.13hw.com/jobcontent/03_02_03.html
畜産農業,https://www.13hw.com/jobcontent/01_02_17.html
逐次通訳者,https://www.13hw.com/jobcontent/J000100439.html
治験コーディネーター,https://www.13hw.com/jobcontent/J000100198.html
知財翻訳者,https://www.13hw.com/jobcontent/J000100438.html
地図制作者,https://www.13hw.com/jobcontent/04_03_02.html
地図編集者,https://www.13hw.com/jobcontent/04_03_03.html
チャイルドマインダー,https://www.13hw.com/jobcontent/J000100199.html
中学校教師,https://www.13hw.com/jobcontent/J000100200.html
中学校・高校教師,https://www.13hw.com/jobcontent/05_05_15.html
中国茶ライフスタイリスト,https://www.13hw.com/jobcontent/J000100440.html
中古自動車査定士,https://www.13hw.com/jobcontent/J000100495.html
中小企業診断士,https://www.13hw.com/jobcontent/J000100441.html
彫金師,https://www.13hw.com/jobcontent/03_05_03.html
調香師（ちょうこうし）,https://www.13hw.com/jobcontent/05_04_18.html
彫刻家,https://www.13hw.com/jobcontent/02_02_10.html
調剤薬局事務,https://www.13hw.com/jobcontent/J000100201.html
著作権エージェントで働く,https://www.13hw.com/jobcontent/02_03_13.html
ツアーコンダクター,https://www.13hw.com/jobcontent/04_01_01.html
ツアープランナー,https://www.13hw.com/jobcontent/J000100202.html
通関士,https://www.13hw.com/jobcontent/J000100442.html
通信技術者,https://www.13hw.com/jobcontent/J000100443.html
通訳,https://www.13hw.com/jobcontent/04_02_01.html
通訳ガイド,https://www.13hw.com/jobcontent/04_02_05.html
紬職人,https://www.13hw.com/jobcontent/J000100203.html
釣りエサ養殖,https://www.13hw.com/jobcontent/01_03_03.html
庭園設計士,https://www.13hw.com/jobcontent/01_01_12.html
ディスパッチャー,https://www.13hw.com/jobcontent/J000100204.html
ディスプレイデザイナー,https://www.13hw.com/jobcontent/J000100205.html
データベースエンジニア,https://www.13hw.com/jobcontent/J000100206.html
テープリライター,https://www.13hw.com/jobcontent/02_03_15.html
テーブルコーディネーター,https://www.13hw.com/jobcontent/J000100207.html
テーマパークスタッフ,https://www.13hw.com/jobcontent/J000100208.html
テーラー［注文紳士服製造］,https://www.13hw.com/jobcontent/05_04_09.html
手描き職人,https://www.13hw.com/jobcontent/J000100209.html
テキスタイルデザイナー,https://www.13hw.com/jobcontent/05_04_07.html
デコレーター,https://www.13hw.com/jobcontent/J000100210.html
デジタル［コンピュータ］アニメーション,https://www.13hw.com/jobcontent/02_05_35.html
デジタルフォトグラファー,https://www.13hw.com/jobcontent/J000100211.html
鉄道パーサー,https://www.13hw.com/jobcontent/J000100444.html
テラー,https://www.13hw.com/jobcontent/J000100212.html
テレビ業界で働く,https://www.13hw.com/jobcontent/02_06_01.html
テレビディレクター,https://www.13hw.com/jobcontent/02_06_03.html
テレビ俳優,https://www.13hw.com/jobcontent/02_06_08.html
テレビプロデューサー,https://www.13hw.com/jobcontent/02_06_02.html
テレフォンオペレーター,https://www.13hw.com/jobcontent/05_06_03.html
電気工事士,https://www.13hw.com/jobcontent/J000100449.html
電気主任技術者,https://www.13hw.com/jobcontent/J000100450.html
点字指導士,https://www.13hw.com/jobcontent/J000100447.html
点字通訳者,https://www.13hw.com/jobcontent/J000100448.html
電子・電気系研究・技術者,https://www.13hw.com/jobcontent/J000100213.html
電車運転士,https://www.13hw.com/jobcontent/03_06_10.html
［伝統工芸］そのほか,https://www.13hw.com/jobcontent/05_07_19.html
店舗開発・店舗プロデューサー,https://www.13hw.com/jobcontent/J000100446.html
店舗デザイナー,https://www.13hw.com/jobcontent/J000100445.html
天文雑誌編集者,https://www.13hw.com/jobcontent/01_07_06.html
天文台で働く,https://www.13hw.com/jobcontent/01_07_03.html
ドアパーソン,https://www.13hw.com/jobcontent/J000100214.html
導引術師,https://www.13hw.com/jobcontent/J000100215.html
陶芸,https://www.13hw.com/jobcontent/05_07_02.html
杜氏（とうじ）,https://www.13hw.com/jobcontent/05_02_12.html
同時通訳者,https://www.13hw.com/jobcontent/J000100455.html
豆腐職人,https://www.13hw.com/jobcontent/05_02_08.html
動物園の飼育係,https://www.13hw.com/jobcontent/01_02_03.html
動物介在療法スタッフ,https://www.13hw.com/jobcontent/J000100216.html
動物看護士,https://www.13hw.com/jobcontent/01_02_02.html
動物調教師,https://www.13hw.com/jobcontent/J000100454.html
動物プロダクション,https://www.13hw.com/jobcontent/01_02_19.html
登録販売者,https://www.13hw.com/jobcontent/J000100217.html
童話作家,https://www.13hw.com/jobcontent/J000100456.html
研ぎ師,https://www.13hw.com/jobcontent/J000100218.html
特撮監督［特殊撮影監督・SFXスーパーバイザー］,https://www.13hw.com/jobcontent/02_05_28.html
特殊撮影,https://www.13hw.com/jobcontent/02_05_29.html
特殊造形：アニマトロニクス［animatronics］,https://www.13hw.com/jobcontent/02_05_32.html
特殊造形：特殊メイク,https://www.13hw.com/jobcontent/02_05_33.html
特殊造形：ミニチュア,https://www.13hw.com/jobcontent/02_05_31.html
独立時計師,https://www.13hw.com/jobcontent/03_05_01.html
時計職人,https://www.13hw.com/jobcontent/J000100219.html
登山家,https://www.13hw.com/jobcontent/03_04_03.html
塗装業,https://www.13hw.com/jobcontent/05_03_06.html
土地家屋調査士,https://www.13hw.com/jobcontent/05_03_16.html
特機（とっき）,https://www.13hw.com/jobcontent/02_05_22.html
特許管理士,https://www.13hw.com/jobcontent/J000100457.html
特許審査官,https://www.13hw.com/jobcontent/J000100458.html
ドッグカメラマン,https://www.13hw.com/jobcontent/J000100220.html
ドッグスタイリスト,https://www.13hw.com/jobcontent/J000100221.html
ドッグセラピスト,https://www.13hw.com/jobcontent/J000100222.html
ドッグフードコーディネーター,https://www.13hw.com/jobcontent/J000100223.html
ドッグ服デザイナー,https://www.13hw.com/jobcontent/J000100226.html
ドッグヘアスタイリスト,https://www.13hw.com/jobcontent/J000100224.html
ドッグライフアドバイザー,https://www.13hw.com/jobcontent/J000100225.html
特効屋,https://www.13hw.com/jobcontent/01_06_05.html
都道府県職員,https://www.13hw.com/jobcontent/J000100451.html
鳶（とび）,https://www.13hw.com/jobcontent/05_03_03.html
土木系研究・技術者,https://www.13hw.com/jobcontent/J000100452.html
土木施工管理技士,https://www.13hw.com/jobcontent/J000100453.html
トラック運転手,https://www.13hw.com/jobcontent/03_06_07.html
トラベルコーディネーター,https://www.13hw.com/jobcontent/J000100227.html
トラベルライター,https://www.13hw.com/jobcontent/04_01_05.html
ドラマー,https://www.13hw.com/jobcontent/J000100228.html
トランペッター,https://www.13hw.com/jobcontent/J000100229.html
トリマー,https://www.13hw.com/jobcontent/01_02_06.html
ドルフィントレーナー,https://www.13hw.com/jobcontent/J000100230.html
トレーサー,https://www.13hw.com/jobcontent/J000100231.html
ドローイング・SFXイラストレーター,https://www.13hw.com/jobcontent/02_05_30.html
ナイフ職人,https://www.13hw.com/jobcontent/06_02_01.html
仲居,https://www.13hw.com/jobcontent/05_06_02.html
ナニー,https://www.13hw.com/jobcontent/J000100232.html
ナレーター,https://www.13hw.com/jobcontent/J000100233.html
南極観測隊員,https://www.13hw.com/jobcontent/03_04_04.html
2次会プロデューサー,https://www.13hw.com/jobcontent/J000100001.html
日本語教師,https://www.13hw.com/jobcontent/04_01_03.html
日本刀・刃物,https://www.13hw.com/jobcontent/05_07_10.html
日本舞踊家（にほんぶようか）,https://www.13hw.com/jobcontent/02_04_08.html
日本料理人,https://www.13hw.com/jobcontent/05_02_02.html
入国警備官,https://www.13hw.com/jobcontent/J000100459.html
入国審査官,https://www.13hw.com/jobcontent/J000100460.html
二輪自動車整備士,https://www.13hw.com/jobcontent/03_06_18.html
庭師,https://www.13hw.com/jobcontent/01_01_06.html
人形,https://www.13hw.com/jobcontent/05_07_15.html
人形作家,https://www.13hw.com/jobcontent/02_02_11.html
人形使い,https://www.13hw.com/jobcontent/02_07_20.html
ネイチャーガイド,https://www.13hw.com/jobcontent/03_04_10.html
ネイルアーティスト,https://www.13hw.com/jobcontent/05_04_20.html
ネイルインストラクター,https://www.13hw.com/jobcontent/J000100234.html
ネイルスペシャリスト,https://www.13hw.com/jobcontent/J000100235.html
ネガ編集,https://www.13hw.com/jobcontent/02_05_18.html
ネットショップオーナー,https://www.13hw.com/jobcontent/J000100236.html
ネットワークエンジニア,https://www.13hw.com/jobcontent/J000100237.html
ネットワーク管理者,https://www.13hw.com/jobcontent/J000100490.html
能楽三役［ワキ方・囃子方・狂言方］,https://www.13hw.com/jobcontent/02_07_05.html
農業,https://www.13hw.com/jobcontent/03_04_14.html
農業系研究・技術者,https://www.13hw.com/jobcontent/J000100461.html
能面・神楽（かぐら）面,https://www.13hw.com/jobcontent/05_07_17.html
パーカッショニスト,https://www.13hw.com/jobcontent/J000100238.html
パークレンジャー,https://www.13hw.com/jobcontent/03_04_06.html
パーソナルトレーナー,https://www.13hw.com/jobcontent/J000100239.html
バーテンダー,https://www.13hw.com/jobcontent/05_02_16.html
ハーバリスト,https://www.13hw.com/jobcontent/J000100240.html
バイオ技術者,https://www.13hw.com/jobcontent/J000100241.html
バイク便ライダー,https://www.13hw.com/jobcontent/03_06_09.html
俳人,https://www.13hw.com/jobcontent/02_03_03.html
ハイドロセラピスト,https://www.13hw.com/jobcontent/J000100242.html
胚培養士 (エンブリオロジスト) ,https://www.13hw.com/jobcontent/J000100520.html
バイヤー,https://www.13hw.com/jobcontent/J000100243.html
ハイヤー運転手,https://www.13hw.com/jobcontent/03_06_05.html
俳優担当,https://www.13hw.com/jobcontent/02_05_08.html
バイリンガルスタッフ,https://www.13hw.com/jobcontent/J000100244.html
パイロット,https://www.13hw.com/jobcontent/03_06_01.html
ハウジングアドバイザー,https://www.13hw.com/jobcontent/J000100505.html
バス運転手,https://www.13hw.com/jobcontent/03_06_06.html
バスガイド,https://www.13hw.com/jobcontent/05_06_04.html
バスプロ,https://www.13hw.com/jobcontent/03_04_12.html
パタンナー,https://www.13hw.com/jobcontent/J000100245.html
パチプロ,https://www.13hw.com/jobcontent/03_02_08.html
パチンコ業界で働く,https://www.13hw.com/jobcontent/03_02_07.html
バックダンサー,https://www.13hw.com/jobcontent/02_04_02.html
バッグデザイナー,https://www.13hw.com/jobcontent/05_04_05.html
パッケージデザイナー,https://www.13hw.com/jobcontent/J000100246.html
発破技士,https://www.13hw.com/jobcontent/01_06_06.html
パティシエ,https://www.13hw.com/jobcontent/05_02_07.html
バトラー,https://www.13hw.com/jobcontent/J000100247.html
花火師,https://www.13hw.com/jobcontent/01_06_03.html
ハブ捕り職人,https://www.13hw.com/jobcontent/01_02_22.html
パラリーガル,https://www.13hw.com/jobcontent/J000100248.html
バリスタ,https://www.13hw.com/jobcontent/J000100509.html
バリニーズセラピスト,https://www.13hw.com/jobcontent/J000100249.html
バルーンアーティスト,https://www.13hw.com/jobcontent/J000100250.html
バレリーナ,https://www.13hw.com/jobcontent/02_04_01.html
ハワイアンキルト作家,https://www.13hw.com/jobcontent/J000100251.html
版画家,https://www.13hw.com/jobcontent/02_02_02.html
板金工,https://www.13hw.com/jobcontent/03_05_08.html
パン職人,https://www.13hw.com/jobcontent/05_02_05.html
ハンドラー,https://www.13hw.com/jobcontent/01_02_09.html
販売[モノを売る],https://www.13hw.com/jobcontent/05_06_sub2.html
ピアニスト,https://www.13hw.com/jobcontent/J000100252.html
ピアノ調律師,https://www.13hw.com/jobcontent/02_01_12.html
ビオトープ管理士,https://www.13hw.com/jobcontent/J000100253.html
ビジネスカウンセラー,https://www.13hw.com/jobcontent/J000100254.html
美術鑑定士,https://www.13hw.com/jobcontent/03_03_03.html
美術教師,https://www.13hw.com/jobcontent/J000100463.html
美術修復家,https://www.13hw.com/jobcontent/02_02_19.html
美術造形,https://www.13hw.com/jobcontent/02_02_24.html
美術デザイナー,https://www.13hw.com/jobcontent/02_01_34.html
美術・美術監督・デザイナー,https://www.13hw.com/jobcontent/02_05_13.html
秘書,https://www.13hw.com/jobcontent/05_06_10.html
筆耕（ひっこう）,https://www.13hw.com/jobcontent/02_02_09.html
ビデオジャーナリスト,https://www.13hw.com/jobcontent/02_06_07.html
ひな鑑別師,https://www.13hw.com/jobcontent/01_02_16.html
非破壊検査技術者,https://www.13hw.com/jobcontent/J000100462.html
ビューティアドバイザー,https://www.13hw.com/jobcontent/J000100255.html
ビューティーカウンセラー・コスメティックアドバイザー,https://www.13hw.com/jobcontent/J000100256.html
病院スタッフ,https://www.13hw.com/jobcontent/J000100464.html
表具師,https://www.13hw.com/jobcontent/05_03_07.html
美容クラニオパシー（頭蓋骨矯正）,https://www.13hw.com/jobcontent/J000100257.html
美容師,https://www.13hw.com/jobcontent/05_04_16.html
病棟クラーク,https://www.13hw.com/jobcontent/J000100465.html
評論家,https://www.13hw.com/jobcontent/02_03_09.html
ピラティスインストラクター,https://www.13hw.com/jobcontent/J000100258.html
ビリヤードプレイヤー,https://www.13hw.com/jobcontent/03_02_04.html
ファイナンシャルプランナー,https://www.13hw.com/jobcontent/J000100259.html
ファシリティマネージャー,https://www.13hw.com/jobcontent/J000100260.html
ファッションアドバイザー,https://www.13hw.com/jobcontent/J000100261.html
ファッションコーディネーター,https://www.13hw.com/jobcontent/J000100262.html
ファッション雑誌記者・編集者,https://www.13hw.com/jobcontent/J000100264.html
ファッションショープランナー,https://www.13hw.com/jobcontent/J000100263.html
ファッションデザイナー,https://www.13hw.com/jobcontent/05_04_01.html
ファッションモデル,https://www.13hw.com/jobcontent/05_04_03.html
ファンドマネージャー,https://www.13hw.com/jobcontent/J000100265.html
フィトセラピスト（植物療法）,https://www.13hw.com/jobcontent/J000100266.html
フードアナリスト,https://www.13hw.com/jobcontent/J000100267.html
フードコーディネーター,https://www.13hw.com/jobcontent/05_02_18.html
フードコンシェルジュ,https://www.13hw.com/jobcontent/J000100268.html
フードスタイリスト,https://www.13hw.com/jobcontent/05_02_19.html
フードスペシャリスト,https://www.13hw.com/jobcontent/J000100269.html
フェイシャルエステティシャン,https://www.13hw.com/jobcontent/J000100270.html
フォークリフト運転士,https://www.13hw.com/jobcontent/J000100271.html
フォーマルスペシャリスト,https://www.13hw.com/jobcontent/05_04_14.html
武器・兵器評論家,https://www.13hw.com/jobcontent/03_05_12.html
福祉司,https://www.13hw.com/jobcontent/J000100273.html
福祉施設栄養士,https://www.13hw.com/jobcontent/J000100272.html
福祉施設指導専門員,https://www.13hw.com/jobcontent/J000100468.html
福祉施設寮母・寮父,https://www.13hw.com/jobcontent/J000100469.html
福祉住環境コーディネーター,https://www.13hw.com/jobcontent/J000100470.html
福祉相談指導専門員,https://www.13hw.com/jobcontent/J000100471.html
福祉に関わる企業で働く,https://www.13hw.com/jobcontent/05_05_30.html
福祉の公的施設で働く,https://www.13hw.com/jobcontent/05_05_29.html
福祉用具専門相談員,https://www.13hw.com/jobcontent/J000100274.html
ふぐ調理師,https://www.13hw.com/jobcontent/J000100275.html
腹話術師,https://www.13hw.com/jobcontent/02_07_19.html
舞台衣装,https://www.13hw.com/jobcontent/02_07_11.html
舞台演出家,https://www.13hw.com/jobcontent/02_07_08.html
舞台音響,https://www.13hw.com/jobcontent/02_07_12.html
舞台監督（音楽）,https://www.13hw.com/jobcontent/02_01_31.html
舞台監督（ステージ）,https://www.13hw.com/jobcontent/02_07_07.html
舞台機構調整技能士,https://www.13hw.com/jobcontent/J000100467.html
舞台照明,https://www.13hw.com/jobcontent/02_07_10.html
舞台俳優,https://www.13hw.com/jobcontent/02_07_01.html
舞台美術,https://www.13hw.com/jobcontent/02_07_09.html
仏壇・仏具,https://www.13hw.com/jobcontent/05_07_11.html
不動産鑑定士,https://www.13hw.com/jobcontent/05_03_15.html
不動産企画開発,https://www.13hw.com/jobcontent/J000100466.html
ブライダルコーディネーター,https://www.13hw.com/jobcontent/05_06_14.html
ブライダル司会者,https://www.13hw.com/jobcontent/J000100279.html
ブライダルスタイリスト,https://www.13hw.com/jobcontent/J000100276.html
ブライダルプレイヤー,https://www.13hw.com/jobcontent/J000100277.html
ブライダルメイクアップアーティスト,https://www.13hw.com/jobcontent/J000100278.html
プラネタリウムで働く,https://www.13hw.com/jobcontent/01_07_04.html
フラメンコダンサー,https://www.13hw.com/jobcontent/02_04_03.html
プラモデル製造,https://www.13hw.com/jobcontent/03_05_14.html
フラワーアレンジメントの先生,https://www.13hw.com/jobcontent/01_01_03.html
フラワーセラピスト,https://www.13hw.com/jobcontent/J000100280.html
フラワーデザイナー,https://www.13hw.com/jobcontent/01_01_02.html
プラントハンター,https://www.13hw.com/jobcontent/01_01_01.html
フリースクールで働く,https://www.13hw.com/jobcontent/05_05_20.html
ブリーダー,https://www.13hw.com/jobcontent/01_02_07.html
振付師,https://www.13hw.com/jobcontent/02_04_05.html
プリンター,https://www.13hw.com/jobcontent/02_02_23.html
古着屋,https://www.13hw.com/jobcontent/03_03_06.html
古本屋,https://www.13hw.com/jobcontent/03_03_07.html
フレーマー,https://www.13hw.com/jobcontent/02_02_25.html
フレグランスコーディネーター,https://www.13hw.com/jobcontent/J000100281.html
フレグランスセラピスト,https://www.13hw.com/jobcontent/J000100282.html
プレス,https://www.13hw.com/jobcontent/J000100283.html
プレス工,https://www.13hw.com/jobcontent/03_05_07.html
フローリスト,https://www.13hw.com/jobcontent/J000100284.html
プログラマー,https://www.13hw.com/jobcontent/J000100285.html
プロスポーツ選手,https://www.13hw.com/jobcontent/03_01_01.html
プロダクトデザイナー,https://www.13hw.com/jobcontent/J000100507.html
プロレスラー,https://www.13hw.com/jobcontent/06_10_01.html
フロントクラーク,https://www.13hw.com/jobcontent/J000100286.html
文房具（書道用品）,https://www.13hw.com/jobcontent/05_07_12.html
文楽の技芸員［大夫・三味線・人形遣い］,https://www.13hw.com/jobcontent/02_07_06.html
ヘア＆メイクアップアーティスト,https://www.13hw.com/jobcontent/02_05_14.html
ヘアメイクスタイリスト・コーディネーター,https://www.13hw.com/jobcontent/J000100287.html
米国証券アナリスト(CFA),https://www.13hw.com/jobcontent/J000100473.html
米国税理士(EA),https://www.13hw.com/jobcontent/J000100472.html
米国不動産鑑定士,https://www.13hw.com/jobcontent/J000100474.html
米国弁護士,https://www.13hw.com/jobcontent/J000100475.html
米国弁理士,https://www.13hw.com/jobcontent/J000100476.html
ベーシスト,https://www.13hw.com/jobcontent/J000100288.html
ペットケアアドバイザー,https://www.13hw.com/jobcontent/J000100499.html
ペットシッター,https://www.13hw.com/jobcontent/01_02_08.html
ペットショップスタッフ,https://www.13hw.com/jobcontent/J000100289.html
ヘッドスパセラピスト,https://www.13hw.com/jobcontent/J000100290.html
ベビーシッター,https://www.13hw.com/jobcontent/J000100291.html
ベビーマッサージセラピスト,https://www.13hw.com/jobcontent/J000100292.html
ヘリパイロット,https://www.13hw.com/jobcontent/03_06_02.html
ヘルスケアカウンセラー,https://www.13hw.com/jobcontent/J000100293.html
ベルパーソン,https://www.13hw.com/jobcontent/J000100294.html
ヘルプデスク,https://www.13hw.com/jobcontent/J000100295.html
編曲家,https://www.13hw.com/jobcontent/02_01_17.html
弁護士,https://www.13hw.com/jobcontent/05_05_05.html
編集者,https://www.13hw.com/jobcontent/02_03_11.html
ペンション経営,https://www.13hw.com/jobcontent/03_04_13.html
弁理士,https://www.13hw.com/jobcontent/05_05_10.html
便利屋,https://www.13hw.com/jobcontent/05_06_11.html
保育士,https://www.13hw.com/jobcontent/05_05_12.html
法医学医,https://www.13hw.com/jobcontent/J000100296.html
邦楽家,https://www.13hw.com/jobcontent/02_01_05.html
冒険家・探検家,https://www.13hw.com/jobcontent/03_04_02.html
方言指導者,https://www.13hw.com/jobcontent/J000100297.html
帽子デザイナー,https://www.13hw.com/jobcontent/05_04_06.html
宝石鑑定士,https://www.13hw.com/jobcontent/03_03_04.html
放送記者,https://www.13hw.com/jobcontent/J000100477.html
放送作家,https://www.13hw.com/jobcontent/02_06_12.html
法律秘書,https://www.13hw.com/jobcontent/J000100478.html
ボーカルインストラクター,https://www.13hw.com/jobcontent/J000100298.html
ホームヘルパー［訪問介護員］,https://www.13hw.com/jobcontent/05_05_33.html
保健師,https://www.13hw.com/jobcontent/01_04_03.html
ホステス,https://www.13hw.com/jobcontent/05_06_09.html
ホスト,https://www.13hw.com/jobcontent/05_06_08.html
歩荷（ぼっか）,https://www.13hw.com/jobcontent/03_04_08.html
ボディガード,https://www.13hw.com/jobcontent/05_05_26.html
ボディケアセラピスト,https://www.13hw.com/jobcontent/J000100300.html
ホテルで働く,https://www.13hw.com/jobcontent/05_06_01.html
ポドロジスト,https://www.13hw.com/jobcontent/J000100301.html
彫師,https://www.13hw.com/jobcontent/J000100299.html
盆栽職人,https://www.13hw.com/jobcontent/01_01_05.html
翻訳家（ほんやくか）,https://www.13hw.com/jobcontent/04_02_02.html
マーシャラー,https://www.13hw.com/jobcontent/03_06_22.html
マーチャンダイザー,https://www.13hw.com/jobcontent/J000100302.html
舞妓・芸者,https://www.13hw.com/jobcontent/02_04_09.html
蒔絵師,https://www.13hw.com/jobcontent/J000100303.html
マジシャン,https://www.13hw.com/jobcontent/02_07_18.html
マスターリングエンジニア,https://www.13hw.com/jobcontent/02_01_27.html
マタギ,https://www.13hw.com/jobcontent/03_04_01.html
マニュピレーター［プログラマー］,https://www.13hw.com/jobcontent/02_01_26.html
麻薬取締官,https://www.13hw.com/jobcontent/J000100479.html
漫画家,https://www.13hw.com/jobcontent/02_02_03.html
漫画原作者,https://www.13hw.com/jobcontent/J000100480.html
漫才師,https://www.13hw.com/jobcontent/02_07_16.html
マンション管理士,https://www.13hw.com/jobcontent/J000100305.html
マンションリフォームマネジャー,https://www.13hw.com/jobcontent/J000100304.html
ミキサー,https://www.13hw.com/jobcontent/J000100306.html
味噌職人,https://www.13hw.com/jobcontent/05_02_10.html
ミミズによる廃棄物処理,https://www.13hw.com/jobcontent/01_03_06.html
宮大工,https://www.13hw.com/jobcontent/05_03_02.html
ミュージカルダンサー,https://www.13hw.com/jobcontent/02_04_04.html
ミュージカル俳優,https://www.13hw.com/jobcontent/J000100307.html
ミュージシャン,https://www.13hw.com/jobcontent/02_01_03.html
ムービーカメラマン［撮影技師］,https://www.13hw.com/jobcontent/02_05_10.html
無線通信士,https://www.13hw.com/jobcontent/J000100481.html
メイクアップアーティスト,https://www.13hw.com/jobcontent/05_04_19.html
メイクアップインストラクター,https://www.13hw.com/jobcontent/J000100308.html
メイクセラピスト,https://www.13hw.com/jobcontent/J000100309.html
珍しい虫の養殖,https://www.13hw.com/jobcontent/01_03_05.html
メディカルアロマセラピスト,https://www.13hw.com/jobcontent/J000100310.html
メディカルスタッフ,https://www.13hw.com/jobcontent/03_01_04.html
メディカルトレーナー,https://www.13hw.com/jobcontent/J000100311.html
メンタルケア心理士,https://www.13hw.com/jobcontent/J000100312.html
盲導犬訓練士,https://www.13hw.com/jobcontent/01_02_10.html
模型店経営,https://www.13hw.com/jobcontent/03_05_15.html
木工芸,https://www.13hw.com/jobcontent/05_07_04.html
モデル,https://www.13hw.com/jobcontent/J000100313.html
モデルガン製造,https://www.13hw.com/jobcontent/03_05_13.html
モバイルデザイナー,https://www.13hw.com/jobcontent/J000100314.html
薬剤師,https://www.13hw.com/jobcontent/01_04_05.html
薬事監視員,https://www.13hw.com/jobcontent/J000100315.html
薬店経営者（登録販売者）,https://www.13hw.com/jobcontent/J000100482.html
野菜ソムリエ,https://www.13hw.com/jobcontent/J000100316.html
野生動物調査,https://www.13hw.com/jobcontent/01_02_18.html
屋台料理人,https://www.13hw.com/jobcontent/05_02_22.html
山小屋経営,https://www.13hw.com/jobcontent/03_04_09.html
誘導馬騎手,https://www.13hw.com/jobcontent/J000100483.html
郵便局員,https://www.13hw.com/jobcontent/J000100517.html
養護教諭,https://www.13hw.com/jobcontent/J000100484.html
洋裁師,https://www.13hw.com/jobcontent/J000100317.html
養蚕家（ようさんか）,https://www.13hw.com/jobcontent/01_03_02.html
養殖業,https://www.13hw.com/jobcontent/01_05_08.html
幼児リトミック指導員,https://www.13hw.com/jobcontent/02_01_11.html
溶接工,https://www.13hw.com/jobcontent/03_05_06.html
幼稚園教諭,https://www.13hw.com/jobcontent/05_05_13.html
傭兵（ようへい）,https://www.13hw.com/jobcontent/06_01_03.html
養蜂家（ようほうか）,https://www.13hw.com/jobcontent/01_03_01.html
ヨガインストラクター,https://www.13hw.com/jobcontent/J000100318.html
予告編制作,https://www.13hw.com/jobcontent/02_05_36.html
予備校講師,https://www.13hw.com/jobcontent/05_05_18.html
ライター,https://www.13hw.com/jobcontent/02_03_06.html
ライトマン［照明技師］,https://www.13hw.com/jobcontent/02_05_11.html
ライフスタイルプランナー,https://www.13hw.com/jobcontent/J000100319.html
ライフセーバー,https://www.13hw.com/jobcontent/J000100320.html
落語家,https://www.13hw.com/jobcontent/02_07_15.html
ラジオ業界で働く,https://www.13hw.com/jobcontent/02_06_15.html
ラジオディレクター,https://www.13hw.com/jobcontent/02_06_17.html
ラジオ・テレビ放送技術者,https://www.13hw.com/jobcontent/J000100321.html
ラジオパーソナリティー・DJ,https://www.13hw.com/jobcontent/02_06_18.html
ラジオプロデューサー,https://www.13hw.com/jobcontent/02_06_16.html
ランジェリーデザイナー,https://www.13hw.com/jobcontent/J000100322.html
ランドオペレーター,https://www.13hw.com/jobcontent/J000100323.html
ランドスケープアーキテクト,https://www.13hw.com/jobcontent/01_01_13.html
理学療法士,https://www.13hw.com/jobcontent/01_04_06.html
陸上自衛隊,https://www.13hw.com/jobcontent/05_08_01.html
離婚カウンセラー,https://www.13hw.com/jobcontent/J000100485.html
リサーチャー,https://www.13hw.com/jobcontent/02_06_13.html
リスクコンサルタント,https://www.13hw.com/jobcontent/J000100324.html
リフォーマー,https://www.13hw.com/jobcontent/05_04_11.html
リフォームデザイナー,https://www.13hw.com/jobcontent/J000100498.html
リフレクソロジスト,https://www.13hw.com/jobcontent/01_04_19.html
リペアマイスター(靴修理人),https://www.13hw.com/jobcontent/J000100325.html
留学コーディネーター,https://www.13hw.com/jobcontent/04_02_06.html
漁師,https://www.13hw.com/jobcontent/01_05_09.html
理容師,https://www.13hw.com/jobcontent/05_04_17.html
料理教室の先生,https://www.13hw.com/jobcontent/J000100486.html
料理研究家,https://www.13hw.com/jobcontent/05_02_20.html
林業,https://www.13hw.com/jobcontent/01_01_14.html
林業系研究・技術者,https://www.13hw.com/jobcontent/J000100487.html
臨床検査技師,https://www.13hw.com/jobcontent/01_04_14.html
臨床工学技士,https://www.13hw.com/jobcontent/J000100488.html
臨床心理士,https://www.13hw.com/jobcontent/05_01_02.html
リンパケアセラピスト,https://www.13hw.com/jobcontent/J000100326.html
ルームサービス,https://www.13hw.com/jobcontent/J000100327.html
ルポライター,https://www.13hw.com/jobcontent/J000100328.html
レーサー,https://www.13hw.com/jobcontent/03_06_03.html
レーシングチームのメカニック,https://www.13hw.com/jobcontent/03_06_17.html
レクリエーションインストラクター,https://www.13hw.com/jobcontent/J000100329.html
レコーディングエンジニア（レコーディングミキサー）,https://www.13hw.com/jobcontent/02_01_25.html
レコーディングディレクター,https://www.13hw.com/jobcontent/02_01_24.html
レコーディングプロデューサー,https://www.13hw.com/jobcontent/02_01_23.html
レスキュー隊員［消防の救助隊］,https://www.13hw.com/jobcontent/05_05_28.html
レストア技術者,https://www.13hw.com/jobcontent/J000100330.html
レストラン・バンケットスタッフ,https://www.13hw.com/jobcontent/J000100331.html
レッスンプロ,https://www.13hw.com/jobcontent/02_04_06.html
レポーター,https://www.13hw.com/jobcontent/02_06_06.html
レンジャー,https://www.13hw.com/jobcontent/J000100332.html
ロウソク職人,https://www.13hw.com/jobcontent/01_06_04.html
労働基準監督官,https://www.13hw.com/jobcontent/J000100489.html
ローディー［ミュージシャンアシスタント］,https://www.13hw.com/jobcontent/02_01_35.html
ローフード・リビングフードインストラクター,https://www.13hw.com/jobcontent/J000100333.html
ろくろ職人,https://www.13hw.com/jobcontent/J000100334.html
ロケコーディネーター,https://www.13hw.com/jobcontent/J000100335.html
ロボット設計技術者,https://www.13hw.com/jobcontent/J000100336.html
ロミロミセラピスト,https://www.13hw.com/jobcontent/J000100337.html
ワイナリーで働く,https://www.13hw.com/jobcontent/05_02_13.html
和傘・提灯（ちょうちん）・うちわ・扇子（紙と竹を主材料とする製品）,https://www.13hw.com/jobcontent/05_07_13.html
和菓子職人,https://www.13hw.com/jobcontent/05_02_06.html
和裁士,https://www.13hw.com/jobcontent/05_04_10.html
和紙,https://www.13hw.com/jobcontent/05_07_06.html
和服スタイリスト,https://www.13hw.com/jobcontent/J000100338.html
CADインストラクター,https://www.13hw.com/jobcontent/J000100002.html
CAD技術者,https://www.13hw.com/jobcontent/J000100004.html
CADデザイナー・CADオペレーター,https://www.13hw.com/jobcontent/J000100003.html
CG［ComputerGraphics］・CGI［ComputerGeneratedImage］,https://www.13hw.com/jobcontent/02_05_34.html
CGエンジニア,https://www.13hw.com/jobcontent/J000100005.html
CGクリエーター,https://www.13hw.com/jobcontent/02_02_07.html
CMプランナー,https://www.13hw.com/jobcontent/J000100006.html
CMプロデューサー,https://www.13hw.com/jobcontent/J000100511.html
DIYアドバイザー,https://www.13hw.com/jobcontent/J000100007.html
DTM［DesktopMusic］クリエーター,https://www.13hw.com/jobcontent/02_01_28.html
ＤＴＰオペレーター,https://www.13hw.com/jobcontent/J000100008.html
DTPディレクター,https://www.13hw.com/jobcontent/J000100009.html
DTPデザイナー,https://www.13hw.com/jobcontent/J000100010.html
IRプランナー,https://www.13hw.com/jobcontent/J000100011.html
ISO審査員,https://www.13hw.com/jobcontent/J000100012.html
ITコーディネータ,https://www.13hw.com/jobcontent/J000100013.html
MA（マルチオーディオ）ミキサー,https://www.13hw.com/jobcontent/J000100014.html
MR［医薬情報担当者］,https://www.13hw.com/jobcontent/01_04_22.html
NASAで働く,https://www.13hw.com/jobcontent/01_07_02.html
NLPプラクティショナー,https://www.13hw.com/jobcontent/J000100015.html
OAインストラクター,https://www.13hw.com/jobcontent/J000100016.html
OAオペレーター,https://www.13hw.com/jobcontent/J000100017.html
PA[音響],https://www.13hw.com/jobcontent/02_01_33.html
PCインストラクター,https://www.13hw.com/jobcontent/J000100018.html
POPライター,https://www.13hw.com/jobcontent/J000100019.html
SAT(機動隊),https://www.13hw.com/jobcontent/J000100020.html
SP,https://www.13hw.com/jobcontent/J000100021.html
Webアートディレクター,https://www.13hw.com/jobcontent/J000100022.html
Webクリエイター,https://www.13hw.com/jobcontent/J000100492.html
Webコンテンツプランナー,https://www.13hw.com/jobcontent/J000100023.html
Webディレクター,https://www.13hw.com/jobcontent/J000100024.html
Webデザイナー,https://www.13hw.com/jobcontent/J000100025.html
Webプログラマー（Webエンジニア）,https://www.13hw.com/jobcontent/J000100026.html
Webプロデューサー,https://www.13hw.com/jobcontent/J000100027.html
